,lat,lon,GHI,DHI,DNI,Wind Speed,Temperature,Pressure,Relative Humidity
0,34.59190711,-117.536421375,248.35205479452054,50.9291095890411,337.025799086758,2.1402739726027344,18.21063926940637,925.8778538812785,40.226944063927036
1,34.84051973,-117.536421375,252.1224885844749,48.22648401826484,349.86244292237444,2.8655707762557237,17.62835616438363,912.7778538812786,39.35336757990853
2,35.08913235,-117.536421375,251.78059360730595,48.76472602739726,349.05753424657536,2.884851598173527,17.82936073059364,914.6520547945205,38.455165525113976
3,35.33774497,-117.536421375,249.77591324200912,48.41917808219178,345.8925799086758,2.744235159817339,18.141769406392722,911.0728310502283,35.30527739726046
4,35.58635759,-117.536421375,250.3503424657534,48.138812785388126,348.99269406392693,2.733595890410948,18.021780821917837,902.733904109589,34.052523972602636
5,35.83497021,-117.536421375,248.37374429223743,48.3837899543379,347.1904109589041,2.30824200913242,16.919531963470337,877.3446347031963,32.02945433789952
6,36.08358283,-117.536421375,250.8148401826484,45.50479452054795,360.52020547945204,2.2986872146118684,13.24420091324204,816.3440639269406,37.04989269406389
7,36.33219545,-117.536421375,239.93721461187215,52.92317351598174,323.65913242009134,1.9057305936073115,17.844189497716897,887.0672374429224,28.49663242009129
8,36.58080807,-117.536421375,247.50513698630138,47.26860730593607,350.5821917808219,1.8659474885844791,14.855981735159817,834.183105022831,32.081223744292295
9,36.82942069,-117.536421375,245.7021689497717,47.94931506849315,347.8794520547945,2.050456621004576,14.412260273972612,833.9764840182648,32.10700684931505
10,37.07803331,-117.536421375,240.0384703196347,48.426826484018264,336.93390410958904,2.0801940639269483,17.949634703196285,891.9801369863013,26.859875570776236
11,37.32664593,-117.536421375,241.48755707762558,46.54337899543379,344.2566210045662,2.3888584474885888,14.612089041095887,845.8852739726027,30.800102739726043
12,37.57525855,-117.536421375,240.94805936073058,46.320547945205476,343.63253424657535,2.4391552511415715,13.371050228310558,829.1494292237443,32.39864383561654
13,37.823871170000004,-117.536421375,238.12819634703197,50.59006849315068,329.32237442922377,2.3588242009132525,15.650547945205481,869.6535388127854,29.135809360730725
14,38.07248379,-117.536421375,233.03367579908675,51.14657534246575,320.78527397260274,2.363047945205472,14.315125570776297,850.17899543379,31.03991552511417
15,38.32109641,-117.536421375,239.2052511415525,46.41255707762557,342.90148401826485,2.4409931506849225,12.726152968036539,828.8085616438356,33.58890410958904
16,38.56970903,-117.536421375,238.2175799086758,45.74714611872146,344.5423515981735,2.4605022831050167,12.180525114155218,821.7260273972603,34.28940525114151
17,38.81832165,-117.536421375,234.95057077625572,48.30102739726028,337.196803652968,2.3382648401826245,9.46840182648403,785.5319634703196,39.75330022831033
18,39.066934270000004,-117.536421375,233.66643835616438,49.4277397260274,335.2732876712329,2.331175799086747,7.144349315068465,753.8325342465754,44.31138812785377
19,39.31554689,-117.536421375,224.54360730593606,52.43687214611872,310.68995433789956,2.2261415525114123,11.306175799086757,819.8277397260274,37.37706735159787
20,39.56415951,-117.536421375,224.10045662100455,50.72271689497717,314.6929223744292,2.2185844748858474,10.836027397260285,814.4498858447489,38.49781963470304
21,39.81277213,-117.536421375,225.1409817351598,50.538698630136984,315.8335616438356,2.0824086757990985,11.177134703196323,824.118607305936,39.34307534246589
22,40.06138475,-117.536421375,225.23036529680365,49.91678082191781,317.087100456621,2.0725228310502324,10.362465753424678,813.0158675799087,41.40568036529671
23,40.309997370000005,-117.536421375,220.68812785388127,51.509474885844746,308.42477168949773,2.0550799086758103,10.269577625570795,819.4461187214612,42.6483858447488
24,40.55860999,-117.536421375,215.8244292237443,51.62431506849315,299.6702054794521,2.0560273972602694,10.928127853881268,833.9760273972603,41.889585616438396
25,40.80722261,-117.536421375,218.36575342465753,51.67614155251142,305.0124429223744,2.097979452054794,8.368287671232865,804.0985159817352,49.539305936072935
26,41.05583523,-117.536421375,214.83641552511415,52.31723744292238,294.5130136986301,2.1006735159817294,12.490696347032003,871.8623287671232,41.23176369863021
27,41.30444785,-117.536421375,211.7609589041096,52.995091324200914,288.5348173515982,2.2156278538812657,12.077054794520505,872.1180365296804,42.839966894977294
28,41.553060470000005,-117.536421375,210.11609589041095,52.776712328767125,287.79155251141555,2.2711643835616413,10.545228310502278,852.9953196347032,46.87328538812777
29,41.80167309,-117.536421375,215.47180365296805,51.323173515981736,303.0957762557078,2.6233447488584587,6.24949771689495,792.4929223744292,57.75638470319648
30,42.05028571,-117.536421375,209.41038812785388,53.24988584474886,289.3156392694064,2.661997716894992,7.688687214611915,815.8012557077626,54.24920776255714
31,42.29889833,-117.536421375,203.0425799086758,54.611415525114154,275.6263698630137,2.7250000000000076,8.803630136986303,835.5269406392694,52.53722716894969
32,42.54751095,-117.536421375,199.48527397260273,53.57956621004566,268.1110730593607,2.7530821917808135,10.578093607305934,865.077397260274,48.61170319634702
33,42.796123570000006,-117.536421375,199.80696347031963,53.714383561643835,267.07043378995434,2.5266780821917796,10.947614155251136,878.6279680365296,48.96895205479437
34,43.04473619,-117.536421375,199.32100456621004,53.66541095890411,268.3320776255708,2.497511415525111,10.418961187214617,871.6320776255708,50.62768150684945
35,43.29334881,-117.536421375,198.19326484018265,53.71632420091324,265.8558219178082,2.4525799086758044,9.284303652967983,859.2431506849315,54.24316780821903
36,43.54196143,-117.536421375,195.88276255707763,54.02294520547945,262.3340182648402,2.4308447488584486,10.70162100456621,886.0227168949772,51.327018264840106
37,43.790574050000004,-117.536421375,195.07488584474885,52.612785388127854,261.6618721461187,2.1592237442922397,11.174691780821876,903.582191780822,52.49512100456611
38,44.03918667,-117.536421375,192.92865296803652,53.539840182648405,259.01883561643837,2.1416552511415565,10.155159817351567,888.8900684931507,55.82896232876712
39,44.28779929,-117.536421375,190.73321917808218,53.77454337899543,254.5412100456621,1.9728881278538712,10.23006849315069,900.8933789954337,56.085901826483884
40,44.53641191,-117.536421375,188.96689497716895,54.600913242009135,252.62614155251143,1.9533219178082173,6.832671232876713,851.5469178082192,66.76455365296792
41,44.78502453,-117.536421375,185.4667808219178,53.04109589041096,244.1450913242009,1.0637214611872123,9.030182648401818,899.5970319634703,59.919176940639254
42,45.033637150000004,-117.536421375,188.8739726027397,54.35787671232877,251.49269406392693,0.7307762557077582,5.065114155251142,844.452397260274,73.15856621004583
43,45.28224977,-117.536421375,176.1357305936073,56.00296803652968,223.91963470319635,0.9601027397260299,6.076723744292219,859.3841324200913,72.42960844748839
44,45.530862389999996,-117.536421375,176.79737442922374,56.540182648401824,224.21769406392693,1.0272146118721437,8.802328767123322,903.8114155251142,64.4537351598175
45,45.77947501,-117.536421375,178.7433789954338,55.918150684931504,232.43139269406393,0.7912100456621035,7.515970319634706,884.3988584474886,70.0951963470319
46,46.02808763,-117.536421375,175.06255707762557,56.992123287671234,221.79406392694065,0.623915525114159,9.630730593607277,918.5414383561643,62.865496575342654
47,46.276700250000005,-117.536421375,179.1728310502283,56.05570776255708,234.46175799086757,2.133664383561646,5.624200913242001,859.02899543379,77.30966095890417
48,46.52531287,-117.536421375,174.80593607305937,54.61541095890411,224.16826484018264,2.7062328767123285,10.659383561643821,946.7804794520548,64.17725114155243
49,46.773925489999996,-117.536421375,173.1164383561644,54.15684931506849,222.67271689497716,2.609235159817356,10.299577625570796,947.6577625570776,65.84223287671234
50,47.02253811,-117.536421375,172.08881278538811,54.20901826484018,222.25022831050228,2.5464383561643884,9.74628995433789,945.0425799086757,68.25289954337903
51,47.27115073,-117.536421375,169.89497716894977,53.75901826484018,220.41929223744293,2.286084474885853,9.40463470319637,939.5205479452055,68.23197146118754
52,47.519763350000005,-117.536421375,167.550799086758,54.684018264840184,214.95034246575344,2.1388812785388063,8.58844748858452,927.8957762557078,70.63622602739723
53,47.76837597,-117.536421375,162.29075342465754,53.32522831050228,207.15011415525115,1.0588812785388133,9.803755707762523,953.9924657534247,66.19189383561648
54,48.01698859,-117.536421375,161.8720319634703,52.72705479452055,207.70422374429225,0.5887442922374475,8.108698630136965,929.1571917808219,72.2210970319635
55,48.26560121,-117.536421375,162.8156392694064,53.55148401826484,213.98127853881277,0.38678082191780894,4.262933789954306,868.3828767123288,80.83401712328755
56,48.51421383,-117.536421375,158.45947488584474,53.93082191780822,205.01449771689497,0.21999999999999878,4.657294520547971,881.0043378995434,80.33412328767113
57,48.762826450000006,-117.536421375,156.89326484018264,54.907876712328765,201.07545662100458,0.296004566210042,4.517397260273983,885.6535388127854,80.00003310502282
58,32.60300615,-116.95828964500001,240.89326484018264,51.43299086757991,318.0708904109589,2.14905251141553,19.168378995433795,997.4789954337899,58.75375799086759
59,32.85161877,-116.95828964500001,239.31689497716894,52.330365296803656,314.08287671232875,2.2202054794520643,20.350022831050186,1000.2132420091324,51.49958904109573
60,33.100231390000005,-116.95828964500001,240.7291095890411,50.11940639269407,321.4949771689498,2.214086757990876,18.559611872146217,963.3536529680365,54.33958561643818
61,33.34884401,-116.95828964500001,240.77134703196347,46.256278538812786,333.0106164383562,1.3249086757990804,15.989691780821898,913.4366438356165,57.444146118721505
62,33.597456629999996,-116.95828964500001,243.69566210045662,48.14189497716895,333.5659817351598,1.2103196347032017,17.8963242009132,933.3373287671233,48.61065753424653
63,33.84606925,-116.95828964500001,240.40730593607307,48.667922374429224,327.9914383561644,1.8838242009132335,18.615490867579904,934.8299086757991,43.91272602739718
64,34.09468187,-116.95828964500001,249.2593607305936,43.962785388127855,357.30810502283106,1.925901826484013,12.486358447488602,828.2405251141553,51.87859931506856
65,34.34329449,-116.95828964500001,255.5095890410959,43.265068493150686,368.97739726027396,2.573618721461191,10.070981735159798,789.7579908675799,53.72928652968037
66,34.59190711,-116.95828964500001,251.63196347031965,46.82203196347032,351.74771689497715,2.6619063926940836,17.608002283104994,904.004794520548,38.551692922374514
67,34.84051973,-116.95828964500001,249.0853881278539,47.9560502283105,344.83618721461187,2.9690753424657492,18.863778538812753,925.0406392694064,35.95695547945217
68,35.08913235,-116.95828964500001,252.67431506849314,45.32534246575342,358.33881278538814,2.9905821917808257,16.829200913241916,888.50399543379,38.6911529680366
69,35.33774497,-116.95828964500001,248.7170091324201,48.06632420091324,346.47214611872147,2.8625799086758006,18.09477168949777,907.7940639269407,35.11905136986303
70,35.58635759,-116.95828964500001,246.07545662100458,49.46050228310502,338.7343607305936,2.8494406392693987,18.919931506849263,919.4078767123287,32.994718036529775
71,35.83497021,-116.95828964500001,246.14760273972604,47.604109589041094,344.56369863013697,2.141563926940628,18.316929223744317,899.837899543379,31.274915525114103
72,36.08358283,-116.95828964500001,242.6118721461187,50.339497716894975,332.9662100456621,2.1208789954337774,22.40410958904113,968.0361872146119,25.539545662100455
73,36.33219545,-116.95828964500001,239.47420091324202,52.414954337899545,321.7437214611872,2.084703196347022,23.99942922374431,992.0820776255708,22.27884246575343
74,36.58080807,-116.95828964500001,237.93470319634704,53.942579908675796,316.69189497716894,2.08422374429223,24.937990867579988,1008.283105022831,20.917603881278513
75,36.82942069,-116.95828964500001,245.67819634703196,45.5912100456621,352.4101598173516,2.5804452054794558,16.634737442922393,869.0592465753425,28.968093607306077
76,37.07803331,-116.95828964500001,245.68470319634704,46.1716894977169,351.39600456621,2.6530593607305826,16.987054794520578,878.4036529680366,27.944965753424576
77,37.32664593,-116.95828964500001,244.23321917808218,45.52796803652968,352.3662100456621,2.8574086757990806,14.32939497716897,841.6844748858448,31.06004794520534
78,37.57525855,-116.95828964500001,242.7541095890411,45.202625570776256,350.11118721461185,2.8966894977169053,14.70133561643832,850.7699771689498,30.20823630136984
79,37.823871170000004,-116.95828964500001,242.34714611872147,45.27420091324201,350.5212328767123,2.6775456621004583,13.075079908675795,828.7388127853882,32.376000000000126
80,38.07248379,-116.95828964500001,241.55353881278538,45.90376712328767,349.15673515981734,2.6619178082191866,11.595376712328779,807.4818493150685,34.550714611872124
81,38.32109641,-116.95828964500001,237.95662100456622,46.97534246575343,343.1448630136986,2.6734589041096046,11.437785388127894,807.633904109589,34.53819063926933
82,38.56970903,-116.95828964500001,237.40730593607307,47.82066210045662,342.7566210045662,2.682191780821924,10.423881278538797,793.5953196347032,36.045820776255724
83,38.81832165,-116.95828964500001,246.3826484018265,45.78778538812785,366.5360730593607,2.5071347031963476,2.695057077625555,688.4489726027397,52.23556392694066
84,39.066934270000004,-116.95828964500001,232.7533105022831,49.04817351598174,329.5769406392694,2.4924086757990858,9.932397260273978,793.6600456621004,37.68677853881287
85,39.31554689,-116.95828964500001,226.67956621004566,50.54828767123288,315.7851598173516,2.374452054794523,11.874954337899553,828.1966894977169,35.58094406392692
86,39.56415951,-116.95828964500001,226.40445205479452,50.24988584474886,320.7461187214612,2.3658789954337878,9.392442922374443,792.3646118721462,40.831878995433776
87,39.81277213,-116.95828964500001,223.8134703196347,50.18687214611872,319.0796803652968,2.3222602739725997,8.622283105022825,786.2441780821918,44.009643835616664
88,40.06138475,-116.95828964500001,220.6626712328767,51.718949771689495,305.2296803652968,2.324486301369859,11.86270547945205,838.8722602739726,38.05150913242007
89,40.309997370000005,-116.95828964500001,222.90182648401827,50.07865296803653,315.56004566210044,2.2120433789954292,8.301392694063956,789.2791095890411,46.75919406392677
90,40.55860999,-116.95828964500001,217.60114155251142,52.377168949771686,298.68584474885847,2.180194063926948,12.917968036529668,865.7546803652968,38.26728767123302
91,40.80722261,-116.95828964500001,214.08481735159816,51.64668949771689,294.5150684931507,2.273127853881289,12.151472602739716,862.3437214611872,41.01692237442933
92,41.05583523,-116.95828964500001,214.83401826484018,51.465981735159815,297.6775114155251,2.289840182648407,10.872694063926948,845.830707762557,44.30315981735178
93,41.30444785,-116.95828964500001,217.96004566210047,51.038812785388124,308.3563926940639,2.4532990867579896,5.9120319634703264,778.4013698630137,57.479372146118614
94,41.553060470000005,-116.95828964500001,209.00205479452055,53.395776255707766,285.6374429223744,2.502328767123282,9.717614155251143,841.6638127853881,48.958714611871834
95,41.80167309,-116.95828964500001,205.21301369863014,54.55102739726028,278.79737442922374,2.732420091324198,9.222671232876694,837.6631278538813,50.639039954338045
96,42.05028571,-116.95828964500001,204.49566210045663,54.53093607305936,279.5186073059361,2.7654908675799006,9.496792237442937,843.8502283105023,50.234025114155294
97,42.29889833,-116.95828964500001,202.2224885844749,54.6865296803653,275.024200913242,2.91995433789956,9.634554794520575,849.4720319634703,50.09929566210043
98,42.54751095,-116.95828964500001,199.89326484018264,53.74006849315069,273.1543378995434,2.997956621004564,8.18664383561644,829.4845890410959,53.94473515981726
99,42.796123570000006,-116.95828964500001,197.36198630136985,55.089497716894975,265.00228310502285,2.872636986301368,9.189474885844726,850.9350456621005,52.75967922374407
100,43.04473619,-116.95828964500001,194.9324200913242,55.07431506849315,259.777397260274,2.8711986301369783,9.214075342465753,854.213698630137,53.21832990867557
101,43.29334881,-116.95828964500001,195.01769406392694,54.08173515981735,262.1054794520548,2.3463470319634774,8.254497716895013,845.1598173515981,58.26361415525117
102,43.54196143,-116.95828964500001,193.03196347031962,54.43550228310502,252.76712328767124,2.2309360730593526,13.411278538812754,934.9260273972603,47.085533105022904
103,43.790574050000004,-116.95828964500001,194.44874429223745,52.82842465753425,257.91244292237445,1.8665296803652978,12.41401826484017,928.5497716894977,51.9032305936073
104,44.03918667,-116.95828964500001,192.7835616438356,52.32294520547945,256.3159817351598,1.8187214611872256,12.679280821917846,936.6051369863013,52.49419520547938
105,44.28779929,-116.95828964500001,190.7841324200913,53.04326484018265,253.60970319634703,1.8058333333333394,12.110993150684942,933.0114155251141,52.72254680365268
106,44.53641191,-116.95828964500001,191.14520547945204,53.47260273972603,259.01906392694065,1.78827625570777,7.4780593607306125,859.5664383561644,65.62898744292237
107,44.78502453,-116.95828964500001,183.94543378995434,53.36803652968037,240.6933789954338,1.236837899543373,10.614394977168958,922.6921232876713,55.920368721461216
108,45.033637150000004,-116.95828964500001,181.49052511415525,56.045890410958904,235.87100456621005,1.0200913242009182,5.719703196347042,847.8600456621004,71.17345319634694
109,45.28224977,-116.95828964500001,179.1054794520548,56.092237442922375,233.5392694063927,1.3895890410958869,5.001621004566218,838.9988584474886,74.88606164383552
110,45.530862389999996,-116.95828964500001,175.81141552511414,55.8337899543379,224.00981735159817,1.499748858447487,6.082682648401821,855.9957762557077,72.12175228310495
111,45.77947501,-116.95828964500001,176.91609589041096,55.78367579908676,229.0804794520548,1.6067351598173416,5.9486757990867885,854.8607305936073,73.94914726027389
112,46.02808763,-116.95828964500001,170.25867579908675,56.06004566210046,211.8425799086758,1.731906392694061,11.907499999999981,954.5107305936073,56.75586301369874
113,46.276700250000005,-116.95828964500001,166.762899543379,55.59303652968037,207.35125570776256,1.9050684931507018,10.460045662100427,939.1698630136987,63.57754337899525
114,46.52531287,-116.95828964500001,169.40365296803654,56.05205479452055,213.96563926940638,1.9811187214612012,9.007579908675753,921.1213470319635,70.37491095890412
115,46.773925489999996,-116.95828964500001,165.1513698630137,55.62682648401827,207.4195205479452,1.2242237442922344,8.205639269406367,916.5908675799087,73.07926826483992
116,47.02253811,-116.95828964500001,160.3728310502283,54.93732876712329,200.79897260273972,0.7784817351598192,8.265433789954319,925.5686073059361,72.97194520547923
117,47.27115073,-116.95828964500001,159.12865296803653,55.41541095890411,197.6109589041096,1.140125570776252,7.94894977168948,917.4698630136986,73.22185616438348
118,47.519763350000005,-116.95828964500001,156.86495433789955,54.967465753424655,194.14486301369863,1.1241780821917826,8.384223744292234,924.4416666666667,71.22304337899564
119,47.76837597,-116.95828964500001,158.1003424657534,54.543150684931504,196.77739726027397,0.623767123287665,8.674703196347064,934.7195205479452,70.28186073059342
120,48.01698859,-116.95828964500001,156.05228310502284,54.64406392694064,194.5302511415525,0.3573972602739634,7.761061643835657,922.4965753424658,73.54824429223746
121,48.26560121,-116.95828964500001,155.63253424657535,52.53778538812785,196.1994292237443,0.3141210045661979,7.8142808219178255,930.2269406392694,71.66564383561665
122,48.51421383,-116.95828964500001,149.68550228310502,54.06095890410959,181.74691780821917,0.26886986301368576,7.53046803652964,931.975799086758,70.94552853881264
123,48.762826450000006,-116.95828964500001,149.95285388127854,56.14497716894977,183.40833333333333,0.3064041095890313,4.900821917808229,893.9029680365297,78.03524543379054
124,32.60300615,-116.38015791500001,251.43961187214612,45.631392694063926,348.3433789954338,2.4021232876712513,17.129360730593604,909.2028538812785,47.91092465753434
125,32.85161877,-116.38015791500001,256.97157534246577,44.166666666666664,360.9799086757991,2.839623287671237,14.058070776255697,857.4639269406392,54.402068493150935
126,33.100231390000005,-116.38015791500001,255.43858447488586,47.353881278538815,349.1646118721461,2.8806164383561605,19.854794520547937,946.2289954337899,42.44723744292236
127,33.34884401,-116.38015791500001,250.5236301369863,51.64520547945205,331.7552511415525,2.176130136986298,22.832317351598263,990.7715753424658,36.00895662100447
128,33.597456629999996,-116.38015791500001,255.0066210045662,46.60022831050228,352.81244292237443,2.1030821917808193,16.455034246575337,870.9820776255708,44.74136415525094
129,33.84606925,-116.38015791500001,249.1928082191781,52.53664383561644,330.8138127853881,2.2873401826484043,22.728961187214633,980.8594748858447,31.485708904109543
130,34.09468187,-116.38015791500001,256.3271689497717,46.654794520547945,358.52819634703195,2.3146461187214724,17.18254566210056,882.9705479452055,38.620173515981776
131,34.34329449,-116.38015791500001,252.55844748858448,48.90433789954338,347.1906392694064,2.5931963470319714,19.048378995433794,915.3676940639269,35.33032420091327
132,34.59190711,-116.38015791500001,249.04851598173516,49.56769406392694,341.0609589041096,2.6415182648402036,20.19345890410964,933.6497716894977,32.96311986301369
133,34.84051973,-116.38015791500001,251.42431506849314,47.61609589041096,349.15262557077625,2.386712328767122,17.33536529680361,886.4682648401827,37.32363470319627
134,35.08913235,-116.38015791500001,248.76518264840183,49.88036529680365,339.4261415525114,2.3671004566209946,21.274394977168885,953.3189497716895,31.056131278538913
135,35.33774497,-116.38015791500001,249.45342465753424,50.31232876712329,341.1900684931507,2.4023858447488564,20.2254337899543,935.4808219178083,31.46531621004566
136,35.58635759,-116.38015791500001,248.58036529680365,47.47340182648402,347.264497716895,2.3774657534246586,17.287180365296848,883.4615296803653,35.00798744292224
137,35.83497021,-116.38015791500001,247.13938356164383,48.54543378995434,342.66689497716897,2.280821917808212,19.75529680365293,923.0672374429224,29.847917808219037
138,36.08358283,-116.38015791500001,247.88447488584475,47.897602739726025,347.687899543379,2.2712328767123204,18.795742009132457,904.793493150685,30.24429452054782
139,36.33219545,-116.38015791500001,244.373401826484,50.83961187214612,335.37785388127855,2.4572488584474863,20.73750000000005,937.3633561643836,26.37857876712323
140,36.58080807,-116.38015791500001,245.37431506849316,48.812899543379,342.64600456621,2.5068721461187207,19.713207762557087,920.2391552511416,26.77565182648392
141,36.82942069,-116.38015791500001,244.47568493150686,47.247831050228314,346.2868721461187,2.761130136986309,18.181837899543307,897.5812785388127,27.42007420091332
142,37.07803331,-116.38015791500001,244.58767123287672,44.38538812785388,354.98253424657537,2.8171803652968057,14.755742009132383,845.5412100456621,31.38807305936076
143,37.32664593,-116.38015791500001,245.53493150684932,44.026712328767125,360.8068493150685,2.880114155251146,11.549566210045665,799.8688356164383,35.61063356164383
144,37.57525855,-116.38015791500001,241.3736301369863,45.93767123287671,348.18812785388127,2.890958904109611,13.486929223744275,832.4166666666666,32.007461187214574
145,37.823871170000004,-116.38015791500001,242.83002283105023,44.05251141552512,357.4828767123288,2.6353424657534243,9.9646118721461,780.7557077625571,37.57902625570787
146,38.07248379,-116.38015791500001,239.11255707762558,46.300456621004564,346.4901826484018,2.592374429223736,11.894623287671251,811.3285388127854,34.04421461187216
147,38.32109641,-116.38015791500001,240.24828767123287,46.13082191780822,349.55239726027395,2.6202625570776283,11.162511415525124,802.5118721461188,34.99129223744288
148,38.56970903,-116.38015791500001,236.83310502283106,46.73299086757991,345.0288812785388,2.6221803652968187,9.930079908675792,785.8601598173516,37.10449429223751
149,38.81832165,-116.38015791500001,233.26221461187214,48.49817351598173,334.6453196347032,2.7288584474885713,9.916038812785379,790.3496575342466,37.40917351598164
150,39.066934270000004,-116.38015791500001,233.4291095890411,49.071803652968036,338.66141552511414,2.754121004566212,7.317865296803635,754.4186073059361,42.75696347031944
151,39.31554689,-116.38015791500001,225.80399543378996,51.45319634703196,318.2837899543379,2.563550228310503,9.875627853881321,797.2116438356164,39.03100799086761
152,39.56415951,-116.38015791500001,224.93618721461186,51.68630136986302,313.40410958904107,2.5468264840182617,10.86787671232874,814.8760273972603,37.77562671232869
153,39.81277213,-116.38015791500001,226.31221461187215,50.25559360730593,323.5054794520548,2.405627853881277,6.7138127853881215,759.3396118721461,48.043021689497635
154,40.06138475,-116.38015791500001,219.24132420091325,51.89680365296804,304.533105022831,2.3915753424657593,10.047591324200917,812.3333333333334,41.74140525114173
155,40.309997370000005,-116.38015791500001,223.52990867579908,50.58607305936073,315.90091324200915,2.3086301369862987,8.191666666666643,790.3430365296804,47.46021461187216
156,40.55860999,-116.38015791500001,215.6439497716895,52.11963470319635,294.5724885844749,2.296849315068493,11.77787671232874,850.6708904109589,40.741574200913334
157,40.80722261,-116.38015791500001,213.75171232876713,52.76289954337899,291.4626712328767,2.4136872146118695,11.224189497716862,851.4682648401827,42.94487899543372
158,41.05583523,-116.38015791500001,214.13801369863015,52.07397260273972,297.0318493150685,2.441118721461192,8.658584474885856,816.5842465753425,49.454873287671234
159,41.30444785,-116.38015791500001,214.199200913242,52.98675799086758,296.3706621004566,2.5170091324200903,6.536917808219188,790.662899543379,55.92488584474905
160,41.553060470000005,-116.38015791500001,203.30559360730592,54.157876712328765,273.59794520547945,2.5649429223744358,9.003390410958934,835.0680365296804,50.29443378995442
161,41.80167309,-116.38015791500001,202.68230593607305,54.37374429223744,272.8954337899543,2.7315182648401803,9.054988584474884,836.5698630136986,50.97024657534237
162,42.05028571,-116.38015791500001,202.8788812785388,53.73972602739726,275.99817351598176,2.758710045662103,8.571255707762537,830.040296803653,52.517947488584355
163,42.29889833,-116.38015791500001,202.75182648401827,53.885844748858446,277.76461187214613,2.96759132420092,8.805068493150712,835.4872146118721,52.13367123287654
164,42.54751095,-116.38015791500001,204.78036529680367,53.56872146118722,283.0720319634703,3.0664155251141607,8.572488584474895,833.1583333333333,53.015514840182796
165,42.796123570000006,-116.38015791500001,199.94520547945206,53.84703196347032,273.29052511415523,2.78796803652969,8.393047945205504,837.6272831050228,55.856945205479256
166,43.04473619,-116.38015791500001,199.29840182648402,52.80216894977169,268.65764840182646,2.740102739726031,12.511484018264854,909.4972602739726,47.12260730593618
167,43.29334881,-116.38015791500001,200.13949771689497,51.882876712328766,271.2562785388128,2.3497945205479507,11.915422374429228,907.196803652968,49.89918721461187
168,43.54196143,-116.38015791500001,197.17888127853882,52.657534246575345,264.0948630136986,2.1597488584474793,11.744680365296798,911.9222602739726,51.905769406392665
169,43.790574050000004,-116.38015791500001,194.6579908675799,52.13504566210046,260.58310502283103,1.939897260273971,10.785194063926907,901.3471461187214,54.9472831050232
170,44.03918667,-116.38015791500001,192.73059360730593,53.45913242009132,258.01906392694065,1.9064041095890343,8.84292237442925,872.9869863013698,60.27428767123295
171,44.28779929,-116.38015791500001,188.90433789954338,53.99041095890411,250.36917808219178,1.4217237442922326,8.620878995433795,875.0303652968037,60.82226255707755
172,44.53641191,-116.38015791500001,185.79155251141552,53.429680365296804,245.425,1.2599771689497674,9.197557077625556,888.908105022831,57.84103196347009
173,44.78502453,-116.38015791500001,183.89874429223744,53.44566210045662,243.0396118721461,0.7628995433789996,6.992682648401827,862.3615296803653,65.15965410958928
174,45.033637150000004,-116.38015791500001,179.44794520547944,55.805936073059364,232.10376712328767,0.45744292237441636,6.677180365296811,864.3958904109589,65.33870776255709
175,45.28224977,-116.38015791500001,175.84760273972603,56.63082191780822,222.79874429223744,0.6895662100456624,7.626198630137006,880.2227168949772,64.45933105022847
176,45.530862389999996,-116.38015791500001,173.63721461187214,56.301598173515984,218.71415525114156,0.6857648401826477,6.074223744292231,855.1519406392694,70.70465753424669
177,45.77947501,-116.38015791500001,174.19303652968037,55.62454337899543,221.16586757990868,1.1893036529680392,6.961757990867543,872.4769406392694,70.94018721461211
178,46.02808763,-116.38015791500001,170.75456621004565,56.00251141552511,216.2337899543379,1.323698630136978,7.746232876712324,888.7263698630137,70.41308904109597
179,46.276700250000005,-116.38015791500001,167.21141552511415,55.71974885844749,210.13116438356164,1.2459474885844701,7.509143835616472,893.2799086757991,73.83427168949795
180,46.52531287,-116.38015791500001,163.40502283105022,56.26027397260274,199.82043378995434,1.1007191780821965,9.000673515981775,927.3784246575342,70.68621232876711
181,46.773925489999996,-116.38015791500001,159.92853881278538,56.69851598173516,195.8986301369863,0.5666552511415578,6.066986301369846,885.0770547945206,79.4345468036529
182,47.02253811,-116.38015791500001,158.45159817351598,57.53595890410959,194.23390410958905,0.20890410958903766,6.772876712328772,903.4892694063927,75.97294178082215
183,47.27115073,-116.38015791500001,155.78835616438357,56.62328767123287,189.9961187214612,0.2789726027397107,7.012226027397253,904.1337899543379,75.0471621004567
184,47.519763350000005,-116.38015791500001,154.6340182648402,54.87945205479452,189.07180365296804,0.19497716894976863,8.70331050228308,931.9762557077626,68.12877168949781
185,47.76837597,-116.38015791500001,156.60159817351598,55.50182648401827,195.7043378995434,0.3087899543378865,4.778424657534231,870.0130136986302,80.97265068493147
186,48.01698859,-116.38015791500001,158.15262557077625,53.97431506849315,199.2208904109589,0.2862442922374283,5.34181506849314,882.7400684931507,79.4302579908675
187,48.26560121,-116.38015791500001,145.78390410958903,52.36107305936073,176.04680365296804,0.31926940639267837,8.427146118721474,940.2086757990868,68.01774315068504
188,48.51421383,-116.38015791500001,155.2345890410959,54.11917808219178,191.34132420091325,0.364257990867561,4.514988584474894,880.0893835616438,80.33017465753439
189,48.762826450000006,-116.38015791500001,150.02317351598174,56.63047945205479,178.135502283105,0.30423515981733223,7.813162100456645,943.3848173515981,65.79132191780838
190,32.85161877,-115.802026185,254.7646118721461,52.826255707762556,337.1117579908676,2.5890068493150644,24.49878995433795,1011.225,33.45331621004558
191,33.100231390000005,-115.802026185,253.58196347031964,52.393150684931506,335.10753424657537,2.58981735159817,24.86081050228328,1016.5099315068493,33.28510502283097
192,33.34884401,-115.802026185,245.82248858447488,51.157762557077625,323.8167808219178,2.4422374429223734,25.27853881278551,1021.7962328767123,31.064953196346977
193,33.597456629999996,-115.802026185,257.4293378995434,46.163584474885845,356.41141552511414,2.4050114155251108,19.588116438356142,917.0041095890411,37.5494166666666
194,33.84606925,-115.802026185,255.7587899543379,46.87385844748859,353.9518264840183,2.323013698630121,19.44103881278533,913.97100456621,35.406116438356236
195,34.09468187,-115.802026185,250.56472602739726,51.20353881278539,336.2697488584475,2.3251141552511347,22.50263698630127,966.066894977169,29.456115296803553
196,34.34329449,-115.802026185,253.92077625570775,47.88184931506849,350.6510273972603,2.407157534246577,19.236621004566253,907.9259132420092,33.728441780821896
197,34.59190711,-115.802026185,248.7585616438356,49.993493150684934,337.20844748858445,2.4188013698630093,22.8434246575343,970.6118721461187,28.20365182648406
198,34.84051973,-115.802026185,250.8156392694064,49.038584474885845,343.9980593607306,2.513082191780814,20.289223744292183,931.2554794520548,30.86069063926943
199,35.08913235,-115.802026185,251.18949771689498,46.75399543378995,350.87454337899544,2.5276027397260226,18.95226027397262,910.7325342465754,31.94127739726031
200,35.33774497,-115.802026185,252.32842465753424,46.204109589041096,355.7243150684931,2.550730593607296,17.215068493150678,881.8538812785388,33.943510273972414
201,35.58635759,-115.802026185,250.96552511415524,46.16552511415525,353.3897260273973,2.5753767123287656,17.738230593607245,890.2157534246576,32.10342237442924
202,35.83497021,-115.802026185,250.10376712328767,45.60730593607306,355.4482876712329,2.5512328767123287,18.484486301369937,901.2843607305936,29.960480593607354
203,36.08358283,-115.802026185,248.26164383561644,46.78493150684932,350.23447488584475,2.5599885844748766,18.37544520547948,899.0486301369863,29.126891552511438
204,36.33219545,-115.802026185,248.22511415525113,44.820319634703196,360.6888127853881,2.5451598173515944,12.179303652967977,800.5199771689498,37.51376940639285
205,36.58080807,-115.802026185,242.85308219178083,48.89132420091324,340.63287671232877,2.557237442922363,17.93894977168955,893.6404109589041,27.881049086757958
206,36.82942069,-115.802026185,244.25239726027397,48.03538812785388,344.2357305936073,2.514143835616429,16.985136986301374,879.2420091324201,28.935848173515904
207,37.07803331,-115.802026185,243.8126712328767,47.49006849315069,346.64292237442925,2.4978767123287606,15.675422374429282,860.7662100456621,30.260510273972564
208,37.32664593,-115.802026185,242.7087899543379,45.717465753424655,348.07842465753424,2.6758219178082254,15.21610730593609,857.2455479452054,30.359978310502328
209,37.57525855,-115.802026185,242.37922374429223,46.09315068493151,349.54269406392694,2.6859018264840238,13.636152968036523,835.5698630136986,32.303674657534245
210,37.823871170000004,-115.802026185,240.0189497716895,47.0837899543379,341.848401826484,2.587077625570783,14.244920091324177,847.584703196347,30.957868721461125
211,38.07248379,-115.802026185,240.4324200913242,46.668150684931504,347.7994292237443,2.550045662100474,10.17447488584473,787.191894977169,37.55995091324193
212,38.32109641,-115.802026185,236.88196347031965,48.31278538812786,334.2003424657534,2.4464954337899583,14.48647260273973,855.7537671232876,30.40392351598175
213,38.56970903,-115.802026185,236.03436073059362,47.81541095890411,338.6389269406393,2.410616438356174,13.176232876712346,837.6979452054794,32.5289805936073
214,38.81832165,-115.802026185,233.93173515981735,47.68299086757991,337.0688356164384,2.6320662100456667,9.244292237442949,781.4820776255708,39.38446689497703
215,39.066934270000004,-115.802026185,229.05856164383562,50.18321917808219,325.5585616438356,2.6618835616438385,10.915936073059378,809.8303652968036,36.515125570776
216,39.31554689,-115.802026185,225.18082191780823,51.521004566210046,313.32842465753424,2.5753196347032077,10.619783105022819,810.0917808219178,37.87373515981736
217,39.56415951,-115.802026185,230.91175799086759,50.24805936073059,328.4706621004566,2.5496118721461123,6.889029680365275,758.5151826484018,46.39471347031961
218,39.81277213,-115.802026185,227.3859589041096,49.97271689497717,322.57260273972605,2.394360730593607,5.283755707762543,739.8122146118722,51.08111986301375
219,40.06138475,-115.802026185,221.55810502283106,51.448287671232876,309.9421232876712,2.358504566210066,8.765901826483994,794.4778538812785,44.2641095890411
220,40.309997370000005,-115.802026185,216.82294520547944,52.728767123287675,296.276598173516,2.2983904109588993,10.725399543378991,831.3577625570776,41.83606963470314
221,40.55860999,-115.802026185,214.5351598173516,53.48561643835617,292.1504566210046,2.263139269406386,10.375342465753448,834.028196347032,44.298908675798984
222,40.80722261,-115.802026185,213.1615296803653,53.27009132420091,288.77100456621,2.3308904109589035,10.552237442922404,843.2002283105023,45.01952739726011
223,41.05583523,-115.802026185,215.71107305936073,52.178310502283104,299.55924657534246,2.337317351598179,7.481358447488588,800.357191780822,53.353234018265
224,41.30444785,-115.802026185,213.0420091324201,53.144634703196346,293.47271689497717,2.528995433789947,7.920182648401858,814.4841324200913,52.482549086757984
225,41.553060470000005,-115.802026185,212.19109589041096,52.64680365296804,292.45342465753424,2.631324200913249,6.82660958904109,803.7696347031964,55.8175479452055
226,41.80167309,-115.802026185,209.73470319634703,53.30399543378996,287.7914383561644,2.905034246575345,5.790159817351572,786.8631278538812,58.91148972602744
227,42.05028571,-115.802026185,202.86963470319634,53.59760273972603,273.83527397260275,2.9857648401826418,8.67352739726023,830.232191780822,51.43817237442917
228,42.29889833,-115.802026185,201.5019406392694,54.047146118721464,274.57317351598175,3.0525456621004734,9.79914383561645,848.0971461187214,49.90464155251139
229,42.54751095,-115.802026185,200.77100456621005,53.134360730593606,274.75787671232877,3.08837899543379,10.70594748858452,863.1466894977169,48.763501141552524
230,42.796123570000006,-115.802026185,200.0332191780822,52.324771689497716,269.3063926940639,2.600410958904111,13.174452054794516,916.4165525114155,45.37011643835617
231,43.04473619,-115.802026185,202.76084474885846,51.92796803652968,276.0147260273973,2.4708333333333288,11.99845890410956,903.2906392694064,49.38979908675812
232,43.29334881,-115.802026185,201.7546803652968,51.07134703196347,275.7172374429224,1.8178995433789982,10.945878995433764,894.991894977169,51.99759703196341
233,43.54196143,-115.802026185,197.11997716894976,52.023858447488585,266.70285388127854,1.5101598173516064,10.04262557077629,886.4892694063927,53.992264840182834
234,43.790574050000004,-115.802026185,190.89851598173516,54.672146118721464,253.62933789954337,0.7760844748858445,8.971404109589011,875.3666666666667,56.75991780821924
235,44.03918667,-115.802026185,190.07294520547944,54.60764840182648,251.7087899543379,0.4612214611871948,6.784109589041081,844.3752283105023,62.12955022831054
236,44.28779929,-115.802026185,189.1656392694064,54.68447488584475,253.28641552511417,0.5762785388127943,3.996780821917806,805.7256849315069,70.60480136986308
237,44.53641191,-115.802026185,189.5244292237443,54.67009132420091,254.48264840182648,0.4134018264839855,2.882499999999994,792.6307077625571,72.58756621004578
238,44.78502453,-115.802026185,189.1988584474886,55.634132420091326,252.4277397260274,0.4126255707762289,1.4866666666666633,773.3244292237443,76.71639383561676
239,45.033637150000004,-115.802026185,185.287100456621,57.26278538812785,239.39623287671233,0.3049657534246547,3.140125570776248,798.4324200913242,72.25484360730599
240,45.28224977,-115.802026185,182.14760273972604,56.6804794520548,233.86769406392693,0.34347031963467484,2.7445091324200983,798.4587899543379,76.97958904109599
241,45.530862389999996,-115.802026185,174.45833333333334,59.03059360730594,217.72614155251142,0.2927739726027348,8.01388127853882,883.7172374429224,61.4392796803651
242,45.77947501,-115.802026185,172.03139269406392,56.62305936073059,219.3412100456621,0.43534246575342506,5.288230593607315,846.9253424657534,75.44509018264873
243,46.02808763,-115.802026185,165.50228310502283,54.06301369863014,208.561301369863,0.3160273972602524,6.4454794520547996,871.5216894977169,74.07858561643809
244,46.276700250000005,-115.802026185,161.08641552511415,55.62020547945205,198.63561643835615,0.4371917808219172,7.8872146118721345,903.9307077625571,71.30328881278552
245,46.52531287,-115.802026185,159.8681506849315,56.79246575342466,194.98219178082192,0.268641552511407,6.727203196347048,893.3006849315068,76.34181050228307
246,46.773925489999996,-115.802026185,161.53698630136986,57.03607305936073,197.84680365296805,0.3028196347031745,4.663401826484009,864.385502283105,82.1847968036529
247,47.02253811,-115.802026185,164.14691780821917,58.645890410958906,202.7406392694064,0.22982876712328695,2.1483447488584493,828.4517123287671,86.75743378995432
248,47.27115073,-115.802026185,157.56906392694063,57.61381278538813,191.686301369863,0.2123972602739708,4.604337899543386,866.0058219178082,80.45557534246583
249,47.519763350000005,-115.802026185,158.5150684931507,57.11815068493151,196.5898401826484,0.21173515981735097,4.1896917808219305,858.5327625570776,80.58254794520558
250,47.76837597,-115.802026185,156.17602739726027,56.87374429223744,191.3771689497717,0.2274999999999982,5.309634703196354,878.359703196347,77.74085844748828
251,48.01698859,-115.802026185,146.6275114155251,54.50445205479452,174.77340182648402,0.23211187214611756,8.483710045662084,933.2116438356164,65.66404680365315
252,48.26560121,-115.802026185,150.84303652968038,54.53630136986301,183.1412100456621,0.2622488584474824,4.46113013698629,871.187899543379,80.05843721461203
253,48.51421383,-115.802026185,155.89383561643837,54.6912100456621,196.04018264840184,0.2673287671232857,2.526541095890411,844.6805936073059,84.19402168949763
254,48.762826450000006,-115.802026185,156.42077625570775,56.093835616438355,194.93196347031963,0.2877739726027224,2.8418493150684885,855.3268264840183,82.86854337899557
255,32.85161877,-115.223894455,254.18344748858448,52.266552511415526,333.351598173516,2.31189497716895,24.44867579908673,1008.7191780821918,32.06586643835625
256,33.100231390000005,-115.223894455,252.99463470319634,52.10182648401827,332.6179223744292,2.3806621004566177,24.10800228310506,1001.5635844748858,32.27467922374416
257,33.34884401,-115.223894455,255.6480593607306,49.06974885844749,345.55308219178085,2.539726027397251,21.92544520547944,958.025799086758,34.14725570776263
258,33.597456629999996,-115.223894455,252.53881278538813,49.87899543378995,339.6240867579909,2.5633789954337804,22.87581050228306,971.3090182648402,30.88662328767119
259,33.84606925,-115.223894455,251.81723744292236,53.539840182648405,332.0601598173516,2.421689497716898,24.35424657534251,996.82100456621,27.827706621004623
260,34.09468187,-115.223894455,254.0808219178082,50.33595890410959,343.46997716894975,2.415536529680369,20.95513698630143,934.9466894977169,31.025488584474804
261,34.34329449,-115.223894455,251.1181506849315,51.23276255707763,337.0308219178082,2.572043378995433,23.44179223744293,978.4296803652968,27.235754566209966
262,34.59190711,-115.223894455,254.87568493150684,47.21084474885845,354.3908675799087,2.6563584474885746,19.43406392694067,909.9339041095891,31.704886986301283
263,34.84051973,-115.223894455,252.1925799086758,48.65159817351598,347.8420091324201,2.877636986301368,20.859714611872178,937.8405251141553,29.138189497716798
264,35.08913235,-115.223894455,253.223401826484,45.721461187214615,358.86415525114154,2.9378881278538764,16.69611872146123,870.9940639269406,34.34605251141555
265,35.33774497,-115.223894455,252.9964611872146,45.31860730593608,360.82705479452056,2.765924657534241,15.120993150684932,847.5858447488584,36.31355365296794
266,35.58635759,-115.223894455,249.51780821917808,45.77442922374429,355.36883561643833,2.7326255707762654,16.004189497716855,861.8961187214612,34.24944063926924
267,35.83497021,-115.223894455,248.24851598173515,47.31278538812786,348.91449771689497,2.5640182648401684,18.192831050228328,892.8006849315068,30.378449771689496
268,36.08358283,-115.223894455,245.89383561643837,49.227625570776254,340.1763698630137,2.5400228310502326,20.67448630136996,934.1021689497717,26.489285388127836
269,36.33219545,-115.223894455,245.7203196347032,50.08607305936073,338.60445205479454,2.437659817351583,20.38216894977174,933.1085616438356,26.08581849315075
270,36.58080807,-115.223894455,250.15205479452055,45.0783105022831,363.8785388127854,2.3809589041095824,11.78546803652968,796.9784246575342,38.033738584474996
271,36.82942069,-115.223894455,241.50285388127853,48.395890410958906,341.72020547945203,2.3597374429223756,15.581563926940659,856.755593607306,31.435961187214573
272,37.07803331,-115.223894455,241.52648401826485,49.72408675799087,337.2449771689498,2.3520205479452065,17.150205479452012,884.5245433789954,28.76704566210051
273,37.32664593,-115.223894455,240.2189497716895,48.99463470319635,338.3253424657534,2.5748630136986432,14.255787671232886,840.9866438356164,32.521255707762414
274,37.57525855,-115.223894455,237.635502283105,50.238013698630134,330.23835616438356,2.6273858447488667,16.770502283104964,885.1916666666667,28.41013242009136
275,37.823871170000004,-115.223894455,237.54018264840184,49.60353881278539,333.621803652968,2.6412899543378914,14.086289954337818,844.4222602739726,31.930261415525244
276,38.07248379,-115.223894455,237.67077625570775,48.50525114155251,335.48424657534247,2.6468835616438224,12.88760273972603,828.1828767123287,33.58246118721467
277,38.32109641,-115.223894455,234.83070776255707,49.38538812785388,330.2416666666667,2.5614269406392762,13.735433789954289,843.7575342465753,31.95682191780835
278,38.56970903,-115.223894455,233.22865296803653,49.288698630136984,330.66244292237445,2.5506164383561827,12.202579908675785,822.7196347031963,34.33016324200913
279,38.81832165,-115.223894455,233.16141552511417,48.27579908675799,332.34269406392696,2.5574086757991,10.097579908675806,793.9969178082192,38.12783789954343
280,39.066934270000004,-115.223894455,228.69200913242008,50.769520547945206,322.525799086758,2.5509132420091416,10.115570776255744,797.7480593607306,38.28750913242012
281,39.31554689,-115.223894455,224.50308219178083,53.41541095890411,308.7872146118722,2.5341894977168904,10.600547945205491,809.3343607305936,37.87034703196337
282,39.56415951,-115.223894455,226.1398401826484,51.971575342465755,316.26164383561644,2.5149999999999983,9.02123287671235,789.6867579908676,41.712345890411086
283,39.81277213,-115.223894455,222.4695205479452,53.034132420091325,305.63139269406395,2.4815867579908732,10.094303652968042,810.1655251141552,40.24502968036543
284,40.06138475,-115.223894455,220.43413242009132,52.88812785388128,305.9719178082192,2.481529680365296,9.137271689497686,800.470205479452,43.224509132420046
285,40.309997370000005,-115.223894455,222.1640410958904,51.43230593607306,311.20673515981736,2.3901369863013704,7.9337785388127715,788.9931506849315,47.569200913242085
286,40.55860999,-115.223894455,218.3162100456621,52.38641552511415,299.8545662100457,2.375239726027414,9.194132420091343,816.5720319634703,46.53417009132414
287,40.80722261,-115.223894455,214.83755707762558,55.144406392694066,291.19223744292236,2.3502397260274015,6.630821917808191,783.9584474885845,54.436501141552654
288,41.05583523,-115.223894455,208.17100456621006,54.15251141552511,279.52134703196344,2.361986301369864,9.140091324200927,828.6022831050228,49.08983447488603
289,41.30444785,-115.223894455,207.5296803652968,54.678082191780824,281.03995433789953,2.5228767123287676,8.778219178082173,827.7445205479452,50.19667237442932
290,41.553060470000005,-115.223894455,208.2222602739726,54.698059360730596,283.3843607305936,2.626541095890426,7.917397260273965,819.0324200913242,52.61012785388129
291,41.80167309,-115.223894455,215.7582191780822,53.586187214611876,301.85707762557075,2.9697146118721363,4.412534246575339,766.1648401826484,61.78439954337891
292,42.05028571,-115.223894455,197.99155251141553,54.80582191780822,264.3759132420091,3.056872146118723,8.920068493150664,834.044292237443,50.420393835616416
293,42.29889833,-115.223894455,200.80011415525115,53.262442922374426,272.30719178082194,3.0431050228310474,9.658915525114159,846.052397260274,50.24290410958894
294,42.54751095,-115.223894455,201.82397260273973,51.965867579908675,276.2974885844749,3.0288013698630136,10.652328767123338,863.90399543379,49.328355022831104
295,42.796123570000006,-115.223894455,201.8519406392694,52.13767123287671,273.32488584474885,2.715445205479452,12.872716894977145,910.917808219178,45.808296803652674
296,43.04473619,-115.223894455,204.0420091324201,51.22796803652968,279.5584474885845,2.6312442922374473,12.29916666666665,909.9325342465753,47.50567237442932
297,43.29334881,-115.223894455,207.98858447488584,51.62945205479452,290.08059360730596,2.019851598173512,7.371449771689506,838.3143835616438,58.821260273972776
298,43.54196143,-115.223894455,202.78344748858447,52.82876712328767,280.3384703196347,1.8467808219178097,5.254269406392699,811.8956621004567,62.801146118721384
299,43.790574050000004,-115.223894455,198.6978310502283,54.762214611872146,266.8348173515982,0.6908561643835623,6.115878995433784,832.5410958904109,59.14466894977181
300,44.03918667,-115.223894455,198.64463470319635,54.87431506849315,267.74543378995435,0.42559360730592877,2.5600799086758004,782.8062785388128,69.11970433789946
301,44.28779929,-115.223894455,196.1074200913242,55.67283105022831,263.15376712328765,0.3980593607305785,1.3592009132420069,766.1521689497716,72.9916369863014
302,44.53641191,-115.223894455,196.89349315068492,55.45913242009132,265.8590182648402,0.38821917808217754,2.190136986301367,779.0796803652968,70.00126027397253
303,44.78502453,-115.223894455,198.7353881278539,56.37785388127854,267.1200913242009,0.34658675799085403,-0.14405251141552405,745.2351598173516,76.69580936073078
304,45.033637150000004,-115.223894455,191.15730593607307,57.885958904109586,250.68995433789954,0.32849315068492674,0.4469063926940596,754.3057077625571,76.19615525114162
305,45.28224977,-115.223894455,188.6541095890411,56.038698630136984,248.5626712328767,0.2970662100456597,1.8842009132419952,781.2138127853881,76.30929908675792
306,45.530862389999996,-115.223894455,175.31826484018265,56.346803652968035,224.03721461187214,0.2852853881278534,2.8092808219178056,799.2670091324201,75.91501598173542
307,45.77947501,-115.223894455,166.7052511415525,58.336529680365295,207.17054794520547,0.28706621004566113,5.256141552511415,846.5631278538813,72.36909360730604
308,46.02808763,-115.223894455,168.59703196347033,56.26267123287671,212.21061643835617,0.292431506849314,3.2859132420091166,822.4585616438357,80.76655136986334
309,46.276700250000005,-115.223894455,169.48287671232876,56.17796803652968,214.65079908675798,0.26482876712328607,1.9815981735159833,811.6667808219178,85.90735616438374
310,46.52531287,-115.223894455,165.04714611872146,57.00570776255708,205.4060502283105,0.2613242009132404,2.167442922374429,821.051598173516,86.11543721461176
311,46.773925489999996,-115.223894455,159.56118721461186,57.78767123287671,193.1277397260274,0.23614155251141328,4.766426940639247,863.7010273972603,78.58394863013721
312,47.02253811,-115.223894455,162.7900684931507,58.9472602739726,197.83333333333334,0.22607305936072758,2.847146118721466,833.4123287671233,83.64985273972596
313,47.27115073,-115.223894455,159.90490867579908,58.67020547945206,194.75502283105024,0.36828767123286366,6.0940410958904,885.6751141552511,72.70888013698593
314,47.519763350000005,-115.223894455,156.5783105022831,57.965867579908675,190.08664383561643,0.43841324200912757,6.083413242009141,884.0818493150684,72.54371118721475
315,47.76837597,-115.223894455,160.38219178082193,57.692465753424656,197.26278538812787,0.34826484018263376,2.0662671232876657,823.3610730593607,83.7427557077625
316,48.01698859,-115.223894455,157.10022831050227,56.88493150684931,191.4382420091324,0.3386187214611703,6.575000000000017,897.9343607305937,70.33914269406388
317,48.26560121,-115.223894455,154.23835616438356,57.65821917808219,186.02591324200912,0.2871461187214391,5.385468036529708,884.0496575342465,74.63904794520563
318,48.51421383,-115.223894455,151.14657534246575,56.964497716894975,181.06986301369864,0.26359589041095327,7.732351598173507,929.1987442922374,65.12902853881256
319,48.762826450000006,-115.223894455,157.17648401826483,56.11917808219178,195.61198630136985,0.30017123287669234,2.339543378995431,843.3531963470319,82.8326449771689
320,32.60300615,-114.645762725,252.4587899543379,54.231735159817354,325.0538812785388,2.1771917808219117,24.324828767123265,1008.0987442922375,33.1996084474886
321,32.85161877,-114.645762725,252.53538812785388,53.51769406392694,328.2473744292237,2.348675799086756,24.05899543378998,999.4957762557077,32.63139954337924
322,33.100231390000005,-114.645762725,250.65559360730595,51.80102739726028,329.4997716894977,2.422956621004553,24.05531963470319,994.5816210045662,31.30238356164402
323,33.34884401,-114.645762725,250.2829908675799,52.586187214611876,328.45936073059363,2.4817237442922346,24.60627853881277,1002.2163242009133,29.689325342465715
324,33.597456629999996,-114.645762725,248.70445205479453,54.50662100456621,325.2204337899543,2.485844748858445,24.782819634703078,1001.8384703196347,28.125288812785378
325,33.84606925,-114.645762725,253.35,49.07146118721461,344.17625570776255,2.3814611872146094,21.738755707762444,946.0674657534247,31.341027397260355
326,34.09468187,-114.645762725,252.67191780821918,51.63344748858447,338.8530821917808,2.3674086757990955,23.27013698630143,971.6502283105023,28.273800228310662
327,34.34329449,-114.645762725,251.4074200913242,50.577397260273976,339.2364155251142,2.5081278538812835,22.90788812785379,964.4256849315068,28.06941780821916
328,34.59190711,-114.645762725,251.0793378995434,48.651826484018265,344.211301369863,2.5732876712328765,21.793378995433766,945.4431506849315,28.632958904109636
329,34.84051973,-114.645762725,247.55262557077626,51.39543378995434,333.5470319634703,2.724463470319631,23.804589041095905,984.2118721461187,25.753489726027365
330,35.08913235,-114.645762725,246.58561643835617,52.06244292237443,331.32397260273973,2.7313127853881376,23.67327625570771,985.3680365296804,25.48368378995452
331,35.33774497,-114.645762725,246.33162100456622,49.96552511415525,335.69794520547947,2.6313356164383626,22.052945205479542,959.245205479452,27.151271689497804
332,35.58635759,-114.645762725,241.04132420091324,52.3912100456621,322.91198630136984,2.5570776255707774,23.658219178082135,988.8537671232876,25.166858447488572
333,35.83497021,-114.645762725,243.53070776255709,49.64634703196347,333.5416666666667,2.428869863013694,23.171906392694027,977.7229452054795,25.915950913242007
334,36.08358283,-114.645762725,242.26529680365297,51.91598173515982,331.12431506849316,2.3898858447488447,21.343276255707806,945.4559360730593,27.850720319634664
335,36.33219545,-114.645762725,245.8730593607306,49.1365296803653,341.4199771689498,2.3627625570776307,19.603025114155265,918.2651826484018,29.32406278538815
336,36.58080807,-114.645762725,243.40022831050229,51.90547945205479,330.3093607305936,2.347945205479461,20.83267123287682,942.8993150684931,26.824393835616437
337,36.82942069,-114.645762725,240.26187214611872,51.69486301369863,326.7018264840183,2.4211872146118814,21.03138127853881,948.2275114155251,25.780503424657443
338,37.07803331,-114.645762725,241.11974885844748,48.97728310502283,335.9202054794521,2.4825913242009183,17.459646118721416,890.4682648401827,29.3866038812785
339,37.32664593,-114.645762725,240.3005707762557,47.448059360730596,343.0275114155251,2.732979452054799,13.64391552511415,831.9899543378996,34.33339041095881
340,37.57525855,-114.645762725,238.6343607305936,49.515296803652966,337.3566210045662,2.843710045662103,12.724828767123308,821.7971461187215,34.982021689497664
341,37.823871170000004,-114.645762725,236.52933789954338,50.3486301369863,328.74988584474886,2.856141552511403,13.794760273972617,840.737100456621,32.82788470319634
342,38.07248379,-114.645762725,235.27602739726026,49.75422374429224,330.5599315068493,2.866803652968044,12.226244292237451,819.6567351598173,34.95716894977173
343,38.32109641,-114.645762725,235.9066210045662,49.400228310502285,336.29246575342466,2.7235730593607355,10.794029680365254,799.9755707762557,37.23600456621
344,38.56970903,-114.645762725,232.5162100456621,50.484931506849314,326.55125570776255,2.6788926940639177,11.749417808219103,818.0708904109589,35.29602853881284
345,38.81832165,-114.645762725,233.16164383561645,49.88493150684931,333.10262557077624,2.5102168949771717,8.569703196347058,772.6377853881279,41.36158105022842
346,39.066934270000004,-114.645762725,230.98276255707762,50.17431506849315,328.28938356164383,2.448378995433782,8.204874429223802,770.654794520548,42.35201598173516
347,39.31554689,-114.645762725,229.19223744292236,52.26598173515982,325.22705479452054,2.4121803652968077,4.015159817351611,713.7955479452055,51.79333675799079
348,39.56415951,-114.645762725,229.45981735159816,52.32134703196347,324.4277397260274,2.3903881278538917,5.076541095890422,731.7883561643836,50.18889383561649
349,39.81277213,-114.645762725,223.16061643835616,52.74657534246575,312.7683789954338,2.4426484018264745,6.699349315068511,757.607191780822,47.27300799086758
350,40.06138475,-114.645762725,216.19417808219177,56.044292237442924,290.5889269406393,2.4464155251141517,10.617340182648418,821.2616438356164,39.98468378995445
351,40.309997370000005,-114.645762725,214.4191780821918,56.07682648401826,290.3617579908676,2.3996232876712433,10.008333333333338,818.7619863013699,42.6619132420092
352,40.55860999,-114.645762725,216.48755707762558,53.76438356164383,301.2848173515982,2.3748744292237425,6.548641552511423,774.912100456621,52.659609589041125
353,40.80722261,-114.645762725,210.98013698630137,56.28321917808219,283.6816210045662,2.384463470319637,9.870216894977139,830.5657534246575,45.72579566210054
354,41.05583523,-114.645762725,208.18915525114156,55.18321917808219,281.0433789954338,2.402705479452047,9.153515981735126,824.971803652968,48.31910045662103
355,41.30444785,-114.645762725,209.45639269406394,54.09885844748858,285.52431506849314,2.6142922374429274,8.278287671232864,815.4700913242009,50.81281963470303
356,41.553060470000005,-114.645762725,209.77351598173516,54.51404109589041,289.3690639269406,2.738378995433784,5.11536529680365,771.6496575342466,59.17535388127847
357,41.80167309,-114.645762725,206.67762557077626,53.535844748858445,285.6178082191781,2.949018264840165,6.583595890410922,795.533904109589,55.71417009132403
358,42.05028571,-114.645762725,200.75639269406392,53.62294520547945,271.1178082191781,3.0159931506849373,8.824794520547933,831.97100456621,50.79349771689471
359,42.29889833,-114.645762725,200.07614155251142,53.22054794520548,269.002397260274,2.9893378995433877,10.492865296803648,861.3164383561644,48.58625228310483
360,42.54751095,-114.645762725,203.3599315068493,52.93321917808219,274.67625570776255,2.960194063926954,11.147134703196334,876.6307077625571,48.84023744292221
361,42.796123570000006,-114.645762725,203.45456621004567,52.00068493150685,277.3563926940639,2.7644634703196425,11.862442922374457,894.4374429223744,47.45382191780818
362,43.04473619,-114.645762725,203.29029680365298,52.156164383561645,278.5759132420091,2.6797260273972587,11.014052511415494,887.5106164383561,48.91274086758005
363,43.29334881,-114.645762725,208.28504566210046,51.10502283105023,292.1813926940639,2.230182648401825,8.10498858447493,846.6648401826484,54.255136986301544
364,43.54196143,-114.645762725,209.3005707762557,52.10787671232877,295.6093607305936,1.9254223744292263,3.451152968036527,783.1805936073059,64.54886986301388
365,43.790574050000004,-114.645762725,207.7068493150685,54.41837899543379,290.37842465753425,1.079874429223741,0.38902968036530006,744.7356164383561,72.02383333333347
366,44.03918667,-114.645762725,207.68481735159818,53.906164383561645,289.4046803652968,0.8805022831050252,-1.0030136986301434,728.5646118721461,74.9147808219179
367,44.28779929,-114.645762725,202.0859589041096,54.5466894977169,278.99691780821917,0.8703538812785437,2.1760388127853822,772.9349315068494,66.82952054794536
368,44.53641191,-114.645762725,197.7978310502283,56.20525114155251,268.40616438356165,0.9618036529680419,0.563333333333331,748.1791095890411,72.3887271689497
369,44.78502453,-114.645762725,195.38698630136986,57.239041095890414,262.4640410958904,0.6441438356164403,1.3615981735159812,761.512100456621,71.45541438356146
370,45.033637150000004,-114.645762725,187.8156392694064,57.33321917808219,244.60673515981736,0.536997716894978,4.7418835616438,815.0877853881278,62.85537899543354
371,45.28224977,-114.645762725,181.16723744292239,59.12237442922375,230.77317351598174,0.3745776255707508,4.51194063926939,818.2771689497716,66.22323287671223
372,45.530862389999996,-114.645762725,180.34988584474885,56.272488584474885,234.3505707762557,0.3264155251141377,2.6390525114155388,797.6956621004566,75.68744748858458
373,45.77947501,-114.645762725,171.2013698630137,57.93321917808219,215.10102739726028,0.3030479452054767,4.53732876712329,834.4424657534247,71.47542465753433
374,46.02808763,-114.645762725,171.18561643835616,56.17408675799087,216.00114155251143,0.29986301369862745,2.3636301369862793,807.7552511415525,80.84828082191773
375,46.276700250000005,-114.645762725,167.15650684931506,58.28310502283105,206.049200913242,0.27151826484017927,5.182636986301395,859.7617579908676,72.47056164383537
376,46.52531287,-114.645762725,164.67728310502284,57.337100456621,201.38139269406392,0.2589497716894925,3.6659132420091365,841.0608447488585,79.36558333333322
377,46.773925489999996,-114.645762725,168.46792237442924,58.045662100456624,210.15673515981734,0.3728652968036405,3.4806735159817412,839.3247716894978,80.92126712328755
378,47.02253811,-114.645762725,159.07305936073058,58.42294520547945,191.50730593607307,0.48144977168950465,5.589714611872147,873.566210045662,73.75348744292232
379,47.27115073,-114.645762725,166.15513698630136,58.220091324200915,206.6574200913242,0.7751598173516024,2.9040639269406086,830.8041095890411,82.29084132420111
380,47.519763350000005,-114.645762725,163.15182648401827,57.06837899543379,199.05776255707764,1.0406621004566186,6.19735159817351,885.0059360730594,72.23839383561632
381,47.76837597,-114.645762725,157.08949771689498,57.18344748858448,188.4648401826484,0.6954680365296714,7.5140525114155094,909.2876712328767,67.28428424657542
382,48.01698859,-114.645762725,155.5851598173516,57.50582191780822,190.88070776255708,0.5972260273972608,4.672808219178089,864.1727168949772,77.06938812785415
383,48.26560121,-114.645762725,155.8299086757991,57.21700913242009,192.78778538812784,0.4193721461187137,3.0642009132420203,843.2203196347032,81.13851141552537
384,48.51421383,-114.645762725,147.48744292237444,57.343721461187215,177.05867579908676,0.32334474885842623,5.137226027397256,882.5478310502283,73.08760958904104
385,48.762826450000006,-114.645762725,155.48664383561643,57.723173515981735,189.2535388127854,0.34039954337899037,-0.6753652968036482,794.9684931506849,87.99381506849319
386,32.35439353,-114.067630995,256.5791095890411,53.51746575342466,334.41655251141555,2.3642123287671226,22.031335616438344,969.6641552511416,39.20628538812785
387,32.60300615,-114.067630995,254.2033105022831,54.965981735159815,328.4062785388128,2.3659589041095983,23.973938356164453,997.6988584474885,33.966570776255864
388,32.85161877,-114.067630995,251.34760273972603,52.55125570776256,329.17271689497716,2.4454452054794467,23.90052511415525,991.0946347031963,32.854893835616394
389,33.100231390000005,-114.067630995,253.4519406392694,50.60810502283105,338.90091324200915,2.4696004566209973,22.40984018264847,958.8753424657534,33.30246347031963
390,33.34884401,-114.067630995,254.09372146118722,48.13755707762557,347.0546803652968,2.4697374429223746,21.418299086758026,940.125,33.85526027397276
391,33.597456629999996,-114.067630995,252.25616438356164,48.68972602739726,343.67100456621006,2.4548515981735095,20.793139269406307,927.033904109589,33.457530821917636
392,33.84606925,-114.067630995,249.75456621004565,50.94611872146119,334.20787671232875,2.3499771689497657,23.14949771689493,966.6206621004566,29.50677397260277
393,34.09468187,-114.067630995,251.02534246575343,52.37648401826484,334.398401826484,2.3424543378995515,23.568219178082227,972.0760273972603,28.09314497716889
394,34.34329449,-114.067630995,247.3474885844749,50.99178082191781,331.7302511415525,2.4411757990867544,23.85841324200912,975.9550228310502,27.10734589041099
395,34.59190711,-114.067630995,250.06700913242008,50.11027397260274,339.2398401826484,2.5040981735159793,21.957340182648334,943.3029680365297,28.47800456620998
396,34.84051973,-114.067630995,250.09828767123287,48.62260273972603,343.9896118721461,2.636506849315073,20.96192922374424,929.3625570776255,29.215067351598154
397,35.08913235,-114.067630995,251.3425799086758,45.858561643835614,352.85890410958905,2.6520319634703275,18.554771689497702,892.9044520547945,32.037059360730595
398,35.33774497,-114.067630995,251.28150684931506,45.45171232876712,355.37100456621005,2.561746575342462,17.482579908675817,878.1654109589041,33.483899543379025
399,35.58635759,-114.067630995,249.05159817351597,47.327625570776256,347.01404109589043,2.511655251141551,19.849121004566207,920.3204337899543,30.010027397260256
400,35.83497021,-114.067630995,249.47979452054796,44.01598173515982,356.88812785388126,2.3874543378995483,17.30025114155247,877.2997716894977,34.021173515981644
401,36.08358283,-114.067630995,244.48584474885845,47.3912100456621,340.54954337899545,2.3630593607305994,20.68535388127852,935.4404109589041,28.91857648401837
402,36.33219545,-114.067630995,243.54634703196348,47.34292237442922,339.8824200913242,2.4290981735160044,19.9162214611872,924.874200913242,29.380425799086854
403,36.58080807,-114.067630995,246.26164383561644,44.93127853881278,353.68744292237443,2.45504566210047,12.996963470319628,815.3506849315069,39.35452625570778
404,36.82942069,-114.067630995,239.98447488584475,50.317579908675796,328.0033105022831,2.4878310502282925,21.41089041095881,955.2502283105023,26.138033105022846
405,37.07803331,-114.067630995,242.01940639269407,48.85913242009133,335.6672374429224,2.541107305936077,18.561552511415467,910.0715753424657,28.74051484018261
406,37.32664593,-114.067630995,239.31883561643835,48.361415525114154,335.7101598173516,2.840742009132428,15.408253424657563,862.3311643835616,32.364050228310646
407,37.57525855,-114.067630995,237.7,49.1074200913242,336.0591324200913,2.960342465753435,12.066689497716906,814.9972602739726,36.74659132420092
408,37.823871170000004,-114.067630995,234.10890410958905,49.64086757990867,328.37248858447487,3.0265867579908665,11.8192922374429,813.8889269406393,36.803885844748706
409,38.07248379,-114.067630995,235.07922374429225,49.105593607305934,334.61506849315066,3.023390410958891,9.557237442922377,783.3614155251141,40.57343378995429
410,38.32109641,-114.067630995,229.31038812785388,52.465639269406395,317.70102739726025,2.8392123287671156,11.2655936073059,811.2672374429224,37.1435627853882
411,38.56970903,-114.067630995,230.34372146118722,52.34737442922374,320.35239726027396,2.7456963470319646,11.606392694063896,819.4638127853881,36.36131392694081
412,38.81832165,-114.067630995,229.5793378995434,51.9101598173516,316.8824200913242,2.514851598173519,12.053310502283116,828.297602739726,35.63543835616432
413,39.066934270000004,-114.067630995,228.1747716894977,52.5189497716895,313.94406392694066,2.4271803652968074,13.017431506849277,845.8420091324201,34.114388127853914
414,39.31554689,-114.067630995,220.06997716894978,55.79269406392694,298.24771689497715,2.3459931506849374,11.457420091324147,823.4166666666666,37.115720319634896
415,39.56415951,-114.067630995,223.550799086758,53.89075342465753,307.4905251141553,2.3248515981735283,9.994246575342489,803.9937214611872,40.432465753424815
416,39.81277213,-114.067630995,220.04303652968036,54.75388127853881,305.1214611872146,2.377979452054795,8.284805936073036,781.3179223744293,44.63085616438351
417,40.06138475,-114.067630995,214.3384703196347,55.385730593607306,288.6194063926941,2.3937557077625504,11.25286529680363,831.562100456621,39.396575342465844
418,40.309997370000005,-114.067630995,215.6244292237443,54.544520547945204,292.4775114155251,2.339349315068502,11.579098173515966,842.8458904109589,39.88611073059372
419,40.55860999,-114.067630995,214.90993150684932,55.022260273972606,289.1616438356164,2.3129452054794535,12.807819634703193,870.7723744292238,38.814272831050275
420,40.80722261,-114.067630995,213.85662100456622,53.75821917808219,292.05696347031966,2.2716552511415378,10.904189497716951,845.5315068493151,43.414666666666506
421,41.05583523,-114.067630995,212.6351598173516,53.39805936073059,294.1477168949772,2.279942922374423,2.420388127853872,723.8566210045663,64.06670776255679
422,41.30444785,-114.067630995,205.71689497716895,54.99748858447489,275.91769406392694,2.5313242009132457,10.605787671232884,848.3611872146118,45.20132305936079
423,41.553060470000005,-114.067630995,210.03755707762556,54.51712328767123,286.72739726027396,2.668333333333342,6.624509132420077,790.6743150684931,55.43342123287672
424,41.80167309,-114.067630995,202.9326484018265,54.16278538812785,274.8824200913242,2.8423972602739904,8.96925799086755,830.1473744292238,49.77898401826499
425,42.05028571,-114.067630995,200.5013698630137,55.18025114155251,267.73059360730593,2.9049771689497828,9.407305936073115,841.588698630137,49.5944337899543
426,42.29889833,-114.067630995,197.686301369863,56.16678082191781,260.8027397260274,2.888881278538817,7.9006735159817625,822.0890410958904,55.35145890410928
427,42.54751095,-114.067630995,203.28059360730595,52.579337899543376,273.86575342465756,2.880730593607311,10.659257990867568,871.2192922374429,49.89998515981735
428,42.796123570000006,-114.067630995,206.14634703196347,51.55205479452055,282.15479452054797,2.7898972602739653,10.338059360730592,869.9795662100456,50.66594063926942
429,43.04473619,-114.067630995,206.14052511415525,50.89646118721461,285.5101598173516,2.7354794520547827,9.904577625570841,867.4457762557078,50.82108675799104
430,43.29334881,-114.067630995,205.55319634703196,52.00616438356165,287.08584474885845,2.318196347031974,8.77499999999996,853.3115296803653,51.11764726027409
431,43.54196143,-114.067630995,206.81849315068493,52.19771689497717,291.0041095890411,2.105730593607316,6.861449771689495,828.77899543379,52.89603767123302
432,43.790574050000004,-114.067630995,209.15479452054794,54.78310502283105,296.60947488584475,1.693390410958905,-1.2458561643835697,715.1099315068493,73.59172945205499
433,44.03918667,-114.067630995,202.4277397260274,54.03230593607306,283.2450913242009,1.5457648401826491,2.1695662100456627,767.097602739726,63.519988584474845
434,44.28779929,-114.067630995,194.4546803652968,55.089155251141555,262.76027397260276,1.548630136986303,4.482979452054807,800.344406392694,57.46257534246576
435,44.53641191,-114.067630995,198.75833333333333,52.95799086757991,275.2116438356164,1.5023630136986383,2.158253424657522,765.5987442922375,66.84275570776296
436,44.78502453,-114.067630995,187.39463470319635,56.794292237442924,246.05981735159818,1.199497716894986,6.332636986301386,831.6150684931507,55.392327625570815
437,45.033637150000004,-114.067630995,190.4076484018265,58.1703196347032,250.4332191780822,0.9626484018264896,1.7644748858447432,768.0004566210046,71.88082876712313
438,45.28224977,-114.067630995,184.79326484018264,57.724771689497715,241.83356164383562,0.549109589041102,2.5459589041095883,786.4286529680365,71.7319052511418
439,45.530862389999996,-114.067630995,179.9955479452055,58.49189497716895,229.71689497716895,0.361244292237416,3.8402054794520386,814.811301369863,69.62476484018268
440,45.77947501,-114.067630995,173.4277397260274,59.661986301369865,218.5131278538813,0.31752283105021006,4.25069634703196,827.6115296803653,69.63045319634696
441,46.02808763,-114.067630995,178.37374429223743,56.13664383561644,231.98162100456622,0.2943378995433733,3.6749429223744086,825.3713470319635,73.56323059360732
442,46.276700250000005,-114.067630995,169.50650684931506,56.465867579908675,210.3587899543379,0.2584474885844694,7.48206621004566,891.7842465753424,62.368219178081986
443,46.52531287,-114.067630995,165.739497716895,57.90867579908676,202.41518264840184,0.24961187214611352,7.941609589041126,904.1727168949772,62.64234018264848
444,46.773925489999996,-114.067630995,162.28447488584476,56.77477168949772,199.30913242009132,0.38007990867578645,7.610422374429219,901.9595890410959,64.84110502283075
445,47.02253811,-114.067630995,161.03698630136986,56.654680365296805,197.2019406392694,0.4717579908675807,5.1270890410959,864.5388127853881,74.88555251141526
446,47.27115073,-114.067630995,155.04737442922374,55.51472602739726,185.475799086758,0.8152283105022847,7.511027397260286,905.5647260273972,66.14473858447498
447,47.519763350000005,-114.067630995,149.9146118721461,54.88356164383562,176.38036529680366,0.9606963470319677,7.056598173515964,899.883904109589,67.55700228310518
448,47.76837597,-114.067630995,147.37979452054793,55.2222602739726,173.77031963470318,0.7505936073059372,7.3825456621004495,907.8884703196347,66.3015844748857
449,48.01698859,-114.067630995,145.65502283105022,54.44155251141552,168.6404109589041,0.6444634703196318,7.1165182648401775,905.9498858447489,67.22041438356189
450,48.26560121,-114.067630995,154.09018264840182,55.01335616438356,187.562899543379,0.5031392694063996,1.1581392694063808,814.8723744292238,85.3215799086758
451,48.51421383,-114.067630995,151.8181506849315,57.537100456621005,179.63584474885846,0.4062214611871964,1.8593150684931454,831.5584474885844,83.07503995433784
452,48.762826450000006,-114.067630995,145.40456621004566,57.91027397260274,169.6582191780822,0.7028995433789977,1.7115981735159964,831.9456621004566,82.37225342465707
453,32.10578091,-113.489499265,255.0675799086758,53.30079908675799,332.1178082191781,2.5800799086757964,23.342077625570788,985.9431506849315,37.593504566210036
454,32.35439353,-113.489499265,255.57294520547944,53.62385844748859,332.9997716894977,2.4908333333333297,23.395194063926912,983.141095890411,35.551302511415415
455,32.60300615,-113.489499265,253.96004566210047,54.96803652968037,328.1235159817352,2.464611872146114,24.319851598173468,996.5502283105022,32.62699771689478
456,32.85161877,-113.489499265,252.17294520547946,54.422374429223744,327.2845890410959,2.472191780821911,24.512260273972558,995.9663242009133,31.31661643835607
457,33.100231390000005,-113.489499265,250.84874429223746,52.54086757990868,329.3956621004566,2.4788698630137103,24.052020547945258,984.5318493150685,30.702962328767043
458,33.34884401,-113.489499265,251.9662100456621,52.31586757990868,333.11575342465756,2.463470319634702,23.38494292237435,970.7890410958904,30.63736643835604
459,33.597456629999996,-113.489499265,251.76415525114155,51.960159817351595,334.3706621004566,2.46280821917809,23.094520547945322,964.0541095890411,29.88792808219185
460,33.84606925,-113.489499265,251.17134703196348,50.959817351598176,336.80342465753426,2.36140410958904,22.18038812785393,946.3880136986302,30.500897260273906
461,34.09468187,-113.489499265,250.6667808219178,50.35936073059361,338.7816210045662,2.3548059360730513,21.56208904109587,934.3324200913243,30.487043378995306
462,34.34329449,-113.489499265,246.7525114155251,50.53230593607306,331.1164383561644,2.4524771689497715,23.567785388127884,968.6812785388128,27.256352739726108
463,34.59190711,-113.489499265,247.69452054794522,48.667808219178085,338.26769406392697,2.4998287671232924,21.42268264840179,933.0053652968037,28.95655936073062
464,34.84051973,-113.489499265,251.08002283105023,44.97682648401827,354.7326484018265,2.699783105022828,16.377431506849312,854.585502283105,35.44404109589028
465,35.08913235,-113.489499265,249.51586757990867,45.12682648401827,352.43961187214614,2.732922374429227,16.605022831050288,863.3207762557078,34.20202283105012
466,35.33774497,-113.489499265,247.58447488584474,44.641438356164386,353.125,2.6430479452054723,14.572488584474918,833.4029680365297,37.22166438356176
467,35.58635759,-113.489499265,248.17054794520547,44.118721461187214,354.5014840182648,2.5885045662100254,16.341917808219225,863.435502283105,33.98196004566206
468,35.83497021,-113.489499265,245.37819634703197,45.23892694063927,348.2085616438356,2.434098173515994,16.421369863013688,864.9683789954338,33.530937214612
469,36.08358283,-113.489499265,244.2937214611872,46.108219178082194,347.93127853881276,2.4021232876712424,13.133367579908631,814.8152968036529,38.74257420091328
470,36.33219545,-113.489499265,245.86917808219178,44.35,353.6793378995434,2.524566210045662,14.264646118721425,835.5595890410959,36.37407534246579
471,36.58080807,-113.489499265,246.62785388127853,45.03390410958904,354.128196347032,2.5734931506849312,14.226563926940667,837.5667808219179,36.25769406392693
472,36.82942069,-113.489499265,245.0697488584475,44.92020547945206,352.110502283105,2.5111073059360804,13.375388127853867,824.7522831050228,37.38876255707745
473,37.07803331,-113.489499265,239.22602739726028,49.8310502283105,328.51027397260276,2.4956735159817387,18.873413242009175,918.370205479452,28.335190639269353
474,37.32664593,-113.489499265,252.09155251141553,44.53595890410959,372.10182648401826,2.645376712328778,6.678470319634706,734.2804794520548,48.85081278538807
475,37.57525855,-113.489499265,239.22180365296805,48.285730593607305,338.4711187214612,2.8001141552511384,10.748458904109585,798.8638127853882,39.84610273972598
476,37.823871170000004,-113.489499265,234.5517123287671,50.696575342465756,322.3533105022831,2.9156506849315003,13.5568949771689,844.8518264840183,34.47094748858439
477,38.07248379,-113.489499265,232.6912100456621,49.26563926940639,328.02796803652967,3.031073059360746,11.264075342465743,811.6026255707762,38.368309360730585
478,38.32109641,-113.489499265,225.67682648401828,53.734703196347034,310.1337899543379,2.8147945205479545,11.100433789954323,811.4361872146119,38.63106735159822
479,38.56970903,-113.489499265,226.06643835616438,52.27728310502283,312.2219178082192,2.7656735159817543,9.743744292237448,793.5755707762557,41.29540410958905
480,38.81832165,-113.489499265,228.81095890410958,51.83835616438356,316.2216894977169,2.5288926940639165,11.49182648401831,822.4932648401826,38.28904908675796
481,39.066934270000004,-113.489499265,225.74132420091325,53.230365296803654,310.3381278538813,2.4559703196347,8.61450913242006,780.6987442922374,44.290095890410775
482,39.31554689,-113.489499265,220.39429223744293,54.596461187214615,295.36769406392693,2.3560159817351733,13.547751141552498,860.2691780821917,35.06169292237435
483,39.56415951,-113.489499265,225.07671232876712,52.43949771689498,308.2068493150685,2.3194634703196444,12.414315068493162,845.0368721461188,37.31044748858439
484,39.81277213,-113.489499265,219.3420091324201,55.66426940639269,294.2681506849315,2.3556506849315153,13.206803652967995,861.7598173515981,36.521996575342456
485,40.06138475,-113.489499265,219.7178082191781,55.62031963470319,293.513698630137,2.35631278538814,13.554589041095886,871.5990867579909,36.44467694063943
486,40.309997370000005,-113.489499265,217.1667808219178,55.55079908675799,288.89292237442925,2.296004566210046,13.036175799086731,868.7800228310502,38.38177968036533
487,40.55860999,-113.489499265,220.04075342465754,53.11187214611872,297.9553652968037,2.2539497716894985,12.497522831050237,867.2818493150685,40.63594977168949
488,40.80722261,-113.489499265,217.28881278538813,56.167922374429224,289.8537671232877,2.1871575342465857,12.290456621004553,869.8987442922374,42.26241552511403
489,41.05583523,-113.489499265,176.7724885844749,69.89052511415525,201.04908675799086,2.1725799086757913,12.107511415525106,871.7075342465754,43.62205136986287
490,41.30444785,-113.489499265,191.51038812785387,69.48356164383561,226.08219178082192,2.406598173515984,12.044406392694054,872.1259132420091,44.295270547945336
491,41.553060470000005,-113.489499265,208.23618721461187,54.52454337899543,281.0469178082192,2.5276484018264944,10.877226027397326,856.580707762557,46.8857066210044
492,41.80167309,-113.489499265,204.00787671232877,55.68207762557078,275.4818493150685,2.680091324200918,8.779977168949811,828.8953196347032,51.966182648401876
493,42.05028571,-113.489499265,198.32203196347032,56.9392694063927,258.77796803652967,2.7295319634703286,9.491586757990893,845.2689497716894,50.12468036529672
494,42.29889833,-113.489499265,198.21929223744291,55.215981735159815,262.48618721461185,2.7529452054794636,9.227522831050212,845.0340182648401,52.04225913242003
495,42.54751095,-113.489499265,202.18881278538814,52.384474885844746,273.1380136986301,2.8008561643835614,9.827739726027398,858.1255707762557,51.45385616438378
496,42.796123570000006,-113.489499265,204.04897260273972,52.71461187214612,276.4,2.8271347031963474,9.944372146118733,864.6190639269406,51.47407305936087
497,43.04473619,-113.489499265,202.1832191780822,51.590981735159815,277.8487442922374,2.811963470319629,9.593904109589024,861.5259132420091,51.77289269406392
498,43.29334881,-113.489499265,204.35262557077627,51.10353881278539,284.20810502283103,2.4726484018264885,8.064303652968068,839.5673515981736,53.495447488584524
499,43.54196143,-113.489499265,203.46552511415524,51.25810502283105,282.6527397260274,2.3152511415525168,7.581038812785377,835.1512557077625,51.99249543378991
500,43.790574050000004,-113.489499265,200.02431506849314,54.391552511415526,279.8002283105023,2.149543378995433,6.229680365296788,818.783904109589,53.56971347031956
501,44.03918667,-113.489499265,199.62477168949772,55.32408675799087,278.54360730593606,2.1027511415525213,0.8131506849315084,742.3026255707763,68.10919292237455
502,44.28779929,-113.489499265,196.35867579908677,54.958675799086755,267.8994292237443,2.012020547945215,4.05011415525113,791.6796803652968,58.95352283105038
503,44.53641191,-113.489499265,201.78755707762556,55.756278538812786,276.7955479452055,1.9315753424657587,-1.9991095890410782,705.8191780821918,76.26380136986302
504,44.78502453,-113.489499265,189.8730593607306,55.64942922374429,249.36495433789955,1.6399657534246446,5.516312785388133,820.6012557077626,57.037795662100464
505,45.033637150000004,-113.489499265,193.9849315068493,56.012442922374426,260.11358447488584,1.4168150684931535,0.05555936073059804,743.7713470319635,75.84061187214618
506,45.28224977,-113.489499265,186.34189497716895,57.473287671232875,243.512100456621,0.8572831050228317,2.6875913242009126,788.0724885844749,69.76268036529683
507,45.530862389999996,-113.489499265,183.45924657534246,57.449885844748856,236.66643835616438,0.443002283105019,3.9620547945205304,812.9512557077626,67.05231963470301
508,45.77947501,-113.489499265,182.5396118721461,58.596461187214615,234.34223744292237,0.3745776255707604,3.58982876712328,813.1626712328767,69.31370776255733
509,46.02808763,-113.489499265,175.00308219178083,57.72351598173516,225.0390410958904,0.2851255707762412,-0.5704794520547939,755.9348173515982,84.10155593607313
510,46.276700250000005,-113.489499265,173.04383561643834,57.827397260273976,221.56506849315068,0.35152968036527565,5.0065182648401825,844.3054794520548,68.80301712328742
511,46.52531287,-113.489499265,170.63972602739727,59.09429223744292,216.4085616438356,0.30628995433786743,3.327408675799079,822.2769406392694,77.57382534246582
512,46.773925489999996,-113.489499265,171.8700913242009,56.304680365296804,221.0041095890411,0.3544292237442705,4.056643835616455,839.4743150684932,76.136894977169
513,47.02253811,-113.489499265,167.94452054794522,57.49315068493151,211.723401826484,0.32833333333331,3.8769748858447484,841.9549086757991,77.73006506849289
514,47.27115073,-113.489499265,164.88447488584475,57.35445205479452,204.01529680365297,0.4388242009132368,2.7211073059360635,827.5595890410959,80.51061415525136
515,47.519763350000005,-113.489499265,160.04623287671234,58.88173515981735,193.29908675799086,0.5400684931506955,-0.03462328767123152,788.9272831050229,87.61884246575343
516,47.76837597,-113.489499265,156.5687214611872,58.5796803652968,185.57157534246576,0.5523059360730703,4.575091324200907,862.274200913242,72.30250000000001
517,48.01698859,-113.489499265,152.15947488584476,57.46632420091324,180.2997716894977,0.5836872146118852,4.563356164383584,864.8744292237443,72.99334360730613
518,48.26560121,-113.489499265,157.2920091324201,57.73869863013699,189.55559360730592,0.7351255707762573,3.3250570776255675,848.3546803652968,76.70376826484048
519,48.51421383,-113.489499265,154.1269406392694,57.93675799086758,182.93835616438355,0.6635958904109569,-0.00965753424658025,802.2037671232877,87.39155821917802
520,48.762826450000006,-113.489499265,169.18721461187215,54.31700913242009,218.89623287671233,1.775627853881279,-0.5351027397260353,793.0252283105023,87.75233333333301
521,32.10578091,-112.91136753500001,252.57248858447488,52.06415525114155,332.39931506849314,2.6891780821917948,22.254200913241956,951.4721461187214,36.17363127853875
522,32.35439353,-112.91136753500001,253.00456621004565,51.55376712328767,334.7248858447489,2.5800342465753436,21.394178082191797,934.1515981735159,36.20687899543367
523,32.60300615,-112.91136753500001,252.08892694063928,53.92191780821918,328.2793378995434,2.5527511415525144,23.711940639269393,974.1551369863014,32.00488356164396
524,32.85161877,-112.91136753500001,252.0420091324201,54.71541095890411,326.7603881278539,2.406335616438362,24.368378995433883,985.4433789954338,30.510779680365342
525,33.100231390000005,-112.91136753500001,248.42431506849314,53.39657534246575,323.7065068493151,2.3848744292237494,24.214109589041026,982.2917808219178,30.119160958904107
526,33.34884401,-112.91136753500001,248.7079908675799,53.51552511415525,324.1876712328767,2.3794634703196382,24.29437214611867,982.1292237442923,29.16300913242015
527,33.597456629999996,-112.91136753500001,248.7972602739726,51.912899543379,329.06426940639267,2.3899086757990955,22.936415525114104,957.2081050228311,29.971244292237333
528,33.84606925,-112.91136753500001,249.7406392694064,50.58458904109589,334.53390410958906,2.349326484018273,21.26803652968039,928.058789954338,31.56671689497727
529,34.09468187,-112.91136753500001,249.69737442922374,50.56643835616438,335.9875570776256,2.3505707762557124,20.735273972602748,920.8199771689498,31.59504566210033
530,34.34329449,-112.91136753500001,248.08447488584474,49.298972602739724,337.75011415525114,2.441426940639279,19.23872146118712,897.637899543379,33.08169748858453
531,34.59190711,-112.91136753500001,244.95353881278538,48.9337899543379,335.26027397260276,2.512294520547944,18.89985159817356,896.1098173515982,32.538505707762575
532,34.84051973,-112.91136753500001,247.5054794520548,46.79646118721461,349.11449771689496,2.7445091324200837,13.936061643835648,821.7646118721461,39.66180936073078
533,35.08913235,-112.91136753500001,244.96267123287672,47.15262557077626,346.1447488584475,2.796347031963472,14.676997716895036,836.4391552511415,37.380006849314874
534,35.33774497,-112.91136753500001,244.88219178082193,47.452397260273976,344.69794520547947,2.7671689497716807,15.124429223744336,845.662899543379,35.954466894977124
535,35.58635759,-112.91136753500001,244.27488584474887,47.00194063926941,345.6702054794521,2.7502283105022807,13.175958904109603,816.8436073059361,38.44760958904126
536,35.83497021,-112.91136753500001,244.44018264840182,47.43481735159818,346.8415525114155,2.4969520547945225,12.943002283104986,813.7671232876712,38.33563356164389
537,36.08358283,-112.91136753500001,243.67271689497716,48.11198630136986,346.1462328767123,2.442773972602749,12.703995433789977,811.2924657534246,38.19360273972613
538,36.33219545,-112.91136753500001,239.84006849315068,49.32123287671233,332.3821917808219,2.446575342465757,15.866484018264819,863.9262557077626,32.568889269406384
539,36.58080807,-112.91136753500001,238.71689497716895,50.33299086757991,333.41552511415523,2.4688470319634668,14.092522831050216,838.0530821917808,35.15024999999993
540,36.82942069,-112.91136753500001,238.51244292237442,50.49623287671233,332.934703196347,2.5025799086758083,13.992328767123313,838.4859589041096,35.052163242009314
541,37.07803331,-112.91136753500001,238.11141552511415,49.512214611872146,335.041095890411,2.499178082191768,12.388105022831038,817.1730593607306,37.497868721461465
542,37.32664593,-112.91136753500001,236.49486301369862,51.92990867579908,328.5059360730594,1.9631506849315143,12.002945205479458,817.8490867579909,37.56101598173522
543,37.57525855,-112.91136753500001,244.46803652968038,52.2148401826484,347.57579908675797,1.8190867579908578,6.053789954337885,734.487100456621,49.397376712328814
544,37.823871170000004,-112.91136753500001,228.77260273972604,54.67751141552512,309.74360730593605,2.5791438356164402,11.915228310502282,820.0795662100456,37.15741438356165
545,38.07248379,-112.91136753500001,231.28801369863012,54.53447488584475,316.848401826484,2.75351598173516,9.88039954337895,790.087899543379,41.187652968036446
546,38.32109641,-112.91136753500001,231.45262557077626,53.546118721461184,317.70913242009135,2.510799086757996,8.742808219178105,776.4657534246576,43.58061643835606
547,38.56970903,-112.91136753500001,225.46712328767123,54.673972602739724,301.18390410958904,2.542910958904106,12.898036529680335,843.6082191780822,36.04378995433787
548,38.81832165,-112.91136753500001,223.9964611872146,54.81198630136986,299.5549086757991,2.4337671232876787,12.604109589041107,840.9968036529681,37.20050799086757
549,39.066934270000004,-112.91136753500001,224.9527397260274,53.54497716894977,304.65205479452055,2.4751141552511284,11.592899543379001,827.9574200913243,39.918134703196365
550,39.31554689,-112.91136753500001,222.4447488584475,54.12248858447489,297.702397260274,2.4009931506849287,13.436963470319654,861.0674657534247,36.82093721461182
551,39.56415951,-112.91136753500001,221.4931506849315,55.22054794520548,296.49303652968035,2.3957305936072997,13.037762557077615,859.0344748858447,37.95586529680353
552,39.81277213,-112.91136753500001,220.21575342465752,55.27214611872146,297.4598173515982,2.3874200913242034,11.092557077625534,831.9761415525114,42.34278995433794
553,40.06138475,-112.91136753500001,218.1640410958904,54.407876712328765,292.5711187214612,2.3807534246575375,12.721289954337912,861.7449771689497,39.7025319634703
554,40.309997370000005,-112.91136753500001,214.4005707762557,55.43230593607306,286.85422374429226,2.3309703196347016,11.819691780821902,851.2768264840182,42.735453196346995
555,40.55860999,-112.91136753500001,212.67465753424656,56.215867579908675,282.23892694063926,2.292203196347021,11.47439497716899,850.8283105022831,45.37854566210032
556,40.80722261,-112.91136753500001,211.28481735159818,55.611301369863014,280.24897260273974,2.422545662100452,11.755410958904092,859.0736301369863,47.12780479452059
557,41.05583523,-112.91136753500001,209.7398401826484,55.931050228310504,277.3453196347032,2.424029680365301,11.412146118721452,858.5215753424658,49.187297945205295
558,41.30444785,-112.91136753500001,191.72214611872147,65.59143835616439,229.63013698630138,2.490605022831047,12.104429223744296,872.6143835616439,48.05297602739717
559,41.553060470000005,-112.91136753500001,184.07351598173517,67.15970319634704,220.1063926940639,2.51802511415525,11.762465753424634,873.0408675799086,48.238102739726
560,41.80167309,-112.91136753500001,204.19543378995434,55.79212328767123,271.09657534246577,2.435136986301378,10.854269406392685,864.7192922374429,49.32350342465759
561,42.05028571,-112.91136753500001,199.70479452054795,55.827625570776256,264.6332191780822,2.461963470319649,10.242477168949751,860.766095890411,49.86933333333331
562,42.29889833,-112.91136753500001,201.7634703196347,56.346575342465755,268.5458904109589,2.5752968036529724,6.3907077625570965,805.4520547945206,60.91974543378984
563,42.54751095,-112.91136753500001,195.31792237442923,55.70068493150685,256.035502283105,2.6851712328767308,8.600490867579945,843.6560502283105,55.12680936073065
564,42.796123570000006,-112.91136753500001,194.59634703196346,54.53961187214612,254.51883561643837,2.821027397260278,9.675776255707797,863.7574200913242,52.585442922374504
565,43.04473619,-112.91136753500001,201.7197488584475,53.333675799086755,271.6557077625571,2.8875799086758005,9.378025114155223,860.2494292237443,53.22425228310508
566,43.29334881,-112.91136753500001,203.025,52.87785388127854,277.6708904109589,2.6019178082191705,8.307956621004584,845.5544520547945,55.18546347031967
567,43.54196143,-112.91136753500001,201.73447488584475,53.29052511415525,276.5881278538813,2.4475342465753536,8.358287671232903,848.8405251141553,53.24128652968042
